<?xml version="1.0" encoding="UTF-8"?>
<project-private xmlns="http://www.netbeans.org/ns/project-private/1">
    <editor-bookmarks xmlns="http://www.netbeans.org/ns/editor-bookmarks/2" lastBookmarkId="0"/>
    <open-files xmlns="http://www.netbeans.org/ns/projectui-open-files/2">
        <group>
            <file>file:/Users/sammikulski/NetBeansProjects/3344_Mikulski/web/07_webAPIs/style/listStyle.css</file>
            <file>file:/Users/sammikulski/NetBeansProjects/3344_Mikulski/web/07_webAPIs/js/buildTable.js</file>
            <file>file:/Users/sammikulski/NetBeansProjects/3344_Mikulski/web/07_webAPIs/listUsers.html</file>
        </group>
    </open-files>
</project-private>
